9.897521132992991889e-04,4.233004673947304928e-04,4.072701901049558204e-05,8.038277520026338996e-01,-2.758550072855356361e-01,3.346282941913239495e-01,4.071717878150376557e-01
3.720137330218168336e-04,3.007361343120185267e-05,5.580109589369680861e-04,4.713143075129896942e-02,-5.819203027993401500e-01,-3.745616687937697864e-01,-7.203130886605393357e-01
7.311002651337754387e-04,7.683165177329321087e-05,1.398110749244530014e-04,3.029196492648407180e-01,8.430313920428628149e-01,2.630422420672565154e-01,-3.582548492452958810e-01
1.861789016615509294e-04,1.007230356764754502e-04,1.149828675326584134e-04,7.647954508746357405e-01,3.478117295718496371e-01,5.337921668047560519e-01,-9.581670914608132750e-02
5.212509222226209809e-04,2.773003188288446371e-04,1.120885254493484486e-04,1.976305223921165366e-01,2.995471405274474086e-01,9.166597865332334338e-01,1.759219229479253577e-01
6.447975582873411750e-04,2.094724860401974179e-04,7.140635988613508055e-05,2.516779835611701946e-02,5.463107143595736792e-01,4.272040799744982187e-01,7.200054578647169246e-01
5.082499532497832592e-04,3.096070106954729281e-05,5.466264947661876898e-04,9.382531458594401963e-01,-7.665944428293487711e-02,2.110125533815184473e-01,-2.632072685214210117e-01
5.093277915121865876e-04,3.757231060286440969e-04,1.822029545669459020e-04,3.700724039578016655e-01,-8.163750781017403702e-01,-2.473157115776299930e-01,-3.679851715628246756e-01
1.881875451281760309e-04,9.805793652639483240e-05,6.762402795475713334e-04,3.044703809437849795e-01,-7.931510408067176110e-01,2.926354891339629227e-01,4.388321821545149715e-01
4.527055240249093721e-04,7.875040179660898389e-04,6.028178215659263115e-06,4.676669419319058330e-01,-2.786358179891330056e-01,1.650619074466838088e-01,8.224380092551951682e-01
7.583759349863394524e-05,5.447846255753883461e-04,4.914671934471765606e-04,8.120322926664584884e-01,-3.745739088817948703e-01,4.437292148141208648e-01,5.832946401529723324e-02
1.883415581449596849e-04,8.249281671506861419e-04,7.482234387455082491e-04,2.217465240822990569e-01,8.511231428988037528e-01,-3.546686700756845334e-01,3.172191815546879790e-01
8.511673520808961261e-04,5.097336776041646797e-04,2.541597198595645394e-04,8.462423546137900487e-01,2.811507417854642310e-01,-4.223032899387433314e-01,1.627515559314420823e-01
2.637092873933849610e-04,2.592903881603609694e-04,7.505214876009240260e-04,8.090379002649352724e-01,3.200993807179293160e-01,-4.078506062808202604e-01,2.768608772565567810e-01
2.694120703992036801e-04,8.983221906245214940e-04,7.322783268051802291e-06,8.094305505958717672e-01,-2.076754228526476453e-01,2.792655582981345419e-01,4.729734141085193966e-01
2.603167572417749466e-04,6.297425997179012915e-04,2.552111038687786835e-04,5.466701531580104856e-01,7.336474876455053584e-01,-3.849017588996619388e-01,-1.215061459909825420e-01
4.936117848602803110e-04,1.935830414484768322e-04,7.665346503472793152e-04,2.373341373681370214e-01,-3.222839969878162347e-01,8.974975618496916496e-01,-1.852124698802390945e-01
3.747470145546797629e-04,4.569289262158953216e-04,9.828800904027558058e-04,4.952968559865210119e-01,-6.538303809947630940e-01,6.061113911505050522e-02,-5.687821614232344558e-01
2.634178350510888258e-04,5.330658882709060414e-04,3.645684168717857449e-04,3.108477435603259065e-01,-8.309141411466728355e-01,-1.868411073659237975e-01,-4.219547025027879927e-01
7.378441508925362912e-04,2.736817335460608731e-04,3.593693601435363661e-04,3.051692445209699400e-01,7.887295112445723566e-01,3.916446591442672154e-01,-3.624802770554133025e-01
2.268796771687797641e-05,7.408604343468722488e-04,5.382962607062624161e-04,3.240521685774195443e-02,5.198280363758887024e-01,4.699715003948109482e-01,7.126398131837994310e-01
4.246603253974064922e-04,9.080417470562725853e-04,8.904939104954059719e-04,1.451727226250573710e-01,4.709995431553974932e-01,3.805356156544174584e-01,-7.824812816748707434e-01
4.344126073130055634e-04,4.514783956914819704e-04,1.327514668138498537e-04,1.860123885573537472e-01,-9.045657004560425651e-01,3.154566378082411249e-01,-2.182828314924867008e-01
7.010731068325783480e-04,4.985918069830541080e-04,8.882980679781672965e-04,4.147963032791226468e-01,3.519682612377512676e-01,8.032527232972875852e-01,-2.425848972684396254e-01
6.089776024843666707e-04,6.817036681012754494e-04,8.350862152977701382e-04,9.711174541076733613e-02,-5.551941272489903101e-01,4.734615543386231362e-01,-6.768773496984229476e-01
6.053563056967512608e-04,9.833391467017342687e-04,4.046555745678739316e-04,7.463120501057445288e-01,5.359010321528395737e-01,-6.030457131000001303e-02,-3.901176313416234165e-01
4.139449983035036309e-04,9.035058085247083155e-05,9.922269746214761044e-04,3.947973092703920828e-01,-3.450421879801881531e-01,-8.111498706774967760e-01,-2.590692193344921179e-01
1.184468477780575916e-05,3.225787363974366414e-04,7.702407969901459150e-04,3.143139291917866895e-01,4.248453756123867775e-01,3.112566179333449146e-01,-7.898306644651664765e-01
9.968024954119158922e-04,1.581303169862422462e-04,3.181168229434502164e-04,8.996849220165177297e-01,-2.267114247835626262e-01,2.270581957602511025e-01,-2.959958558947050622e-01
3.475593923138523542e-04,9.947513171166889098e-04,8.855515867007412046e-04,8.783978174118821647e-01,-3.730766938946192268e-01,1.121917891898913527e-01,-2.768466313269377643e-01
3.536384084301942110e-04,5.204236754385803930e-04,1.188922134893559673e-04,4.079805381884166193e-01,2.553032979545306613e-01,2.275735804779951531e-03,8.765654154366215867e-01
9.358520246806561029e-04,1.659330445758068300e-04,7.787069406964220114e-04,5.888771834703383501e-01,2.965642284971408138e-01,3.604574824828706281e-01,-6.598058233192914956e-01
4.696121088455573528e-05,6.858319258689241993e-04,3.007328148875158163e-04,3.895372408399067621e-01,-2.621914823243729487e-01,1.588414315964194884e-02,-8.827593435311033021e-01
5.196615348426362547e-04,4.886446659547687534e-04,4.466143084756318826e-04,9.036988697873716836e-01,3.287260343038661548e-01,1.215023329208411579e-01,2.459770928575940041e-01
3.440675796648345083e-04,6.893879620194713186e-04,9.261492347584647554e-04,1.805890444650311011e-01,-8.252806667050506251e-01,-4.194359013657389390e-01,-3.322242357619087927e-01
3.470466011539283919e-04,8.502608785472631856e-04,4.389784323663276067e-04,4.137476352191442608e-01,1.397524765554702605e-02,5.407080618623295587e-01,7.322925499010728423e-01
7.475069063155233848e-04,1.607284860068052316e-04,3.052165288557126131e-04,6.825095145759119131e-01,-5.689703820997191741e-01,-1.418642383552867203e-01,4.362659792861770525e-01
3.601261393099809238e-04,5.973943362799241609e-04,2.148418049147614555e-04,7.781466880167806632e-01,5.069744772472877248e-01,-3.875936982554879003e-03,-3.707419432177340712e-01
6.860401098453909868e-04,4.932115684287034308e-04,8.694193057064526298e-04,2.076540509836138915e-01,-2.996176414806031585e-01,9.195881646212133997e-01,-1.465150897084784853e-01
2.059495961210937613e-04,2.257408263842832863e-04,5.273535127925882762e-04,8.753422072066124882e-01,3.397306688750856840e-01,8.733019219436143066e-02,3.327649777840792633e-01
2.615328545176447703e-04,3.084781396826351382e-04,8.503916301675573745e-06,3.078279442246061870e-01,-3.998447581178705135e-01,-2.905888580272212862e-01,-8.129724729353079438e-01
6.116773334970060849e-04,7.400957840329731689e-04,5.075010914252648655e-04,5.151699876444206794e-01,7.607277890846297908e-01,3.907305945241912881e-01,5.676898138623282658e-02
4.433039592536056734e-04,5.368697484894378955e-04,7.909595645507320506e-04,4.321835428563253756e-01,-2.708821774273886818e-01,7.965236182198492942e-01,3.246388098399683453e-01
3.804806065910629588e-04,2.181837898922554125e-04,3.878523719584026086e-04,3.228706730678668202e-01,-2.604969434130530725e-01,-1.408007151265571189e-01,8.989277109784797881e-01
9.861348317740685140e-04,8.172085759853497608e-05,1.423786248799290216e-04,8.999541744454374603e-01,3.207126697773727275e-01,-1.068266799535648320e-01,-2.753432908073110141e-01
6.031036407857905471e-04,6.269683586225498336e-04,8.246418515070963679e-04,1.043384934150815707e-02,5.262034254482379492e-01,3.699054266516629275e-01,7.656180935480237926e-01
4.052910214981312437e-04,8.102993983694452892e-04,8.182225271105644663e-04,2.592563152889840739e-01,-8.013845325799741071e-01,-4.194961552194444998e-01,-3.385143566829314499e-01
4.016228540745483597e-04,5.794299928000277468e-04,6.021921500793933407e-04,3.192693974594830730e-01,-7.948100187252926663e-01,1.838473256109601495e-01,4.822284177083055456e-01
9.840886470860853857e-04,7.632455971704869575e-04,7.312504061645599051e-04,6.984345616501106413e-01,-5.560427235579135097e-01,8.966108923351184812e-02,-4.415501576812942419e-01
8.284247744267743581e-04,4.617083003132722613e-04,9.499847128521555226e-04,9.589132498828406570e-02,-5.626129626598518341e-01,5.108049838221832006e-01,-6.429228387151249002e-01
6.697969211476398907e-04,6.752498163409895431e-04,2.846258312480630511e-04,8.943922269557736948e-01,-2.773755945387077482e-01,1.740077906469366387e-01,-3.047074214875018505e-01
8.255610910559073269e-04,5.680365982887907502e-04,7.500452818369238812e-04,3.648075323098953215e-01,6.667625063844978550e-02,5.449044128115846375e-01,7.520298683358429548e-01
9.439721372831007479e-04,4.226361584344531081e-04,2.622874553592722527e-04,3.494672554442744827e-01,-7.883702283865616778e-01,-3.030237570363530919e-01,-4.056126514761838053e-01
4.380345635754349237e-04,9.348345987944478921e-04,6.515493488454909788e-04,4.024580573821930352e-01,-8.456092756134966359e-01,-3.214834156813245469e-01,1.400745461760902477e-01
5.464393605930746231e-04,8.313700921162109304e-04,4.014679261520930293e-04,1.215367614408932456e-01,-8.712772203894773027e-01,-3.986276393414571184e-01,2.592312211171771685e-01
6.990401045502195581e-04,1.635334632489326978e-04,6.306191717605946941e-04,4.094379266484907687e-01,2.277869684110025716e-01,-8.186236041099388405e-01,3.321582093490454413e-01
1.413708856729193458e-04,6.476957550578978226e-04,2.073754323670096123e-04,1.155740735603348335e-01,-2.917031266095905240e-01,8.334948154841352874e-01,-4.547948020898289756e-01
3.910297158846364417e-04,8.097282225385661440e-04,7.353275928268029763e-04,2.366067324667772698e-02,-5.113153555624394553e-01,3.610283236973508281e-01,7.795225007630318670e-01
8.799288576984910966e-04,1.081301215847043642e-04,9.599100260043238195e-04,9.125182655840934354e-01,2.080127227735219797e-01,-2.026594930866094102e-01,-2.880455727860133375e-01
9.812659006857289527e-04,1.331980887863138936e-04,4.865489454900625492e-04,7.008490953472726881e-01,-4.829994878188171303e-01,-5.196933319734928780e-01,7.376232791851708437e-02
9.081421948881690997e-04,9.999179383614175548e-04,2.990982500033923116e-05,1.108119461251908522e-01,5.049096605066752952e-01,6.623412559253466503e-01,5.423015840122692444e-01
2.798457770360034407e-04,7.648401028155856103e-04,6.237416782827616933e-04,4.183398134930645940e-01,-7.171948062047049932e-01,-1.254814640462066644e-01,5.430265302730652444e-01
5.112431256842978056e-04,8.423877214022119442e-04,1.675149338037439475e-04,2.607050312280789761e-01,4.113713907199076369e-01,-3.426396291551579432e-01,8.033707426350249481e-01
6.028171266825155505e-05,5.288624549437460388e-04,5.254642717917357196e-04,4.087775282422871359e-01,-2.363831372635674388e-01,8.274980493993834285e-01,3.037612928958773884e-01
4.287819168807072221e-05,5.610648012458568879e-04,3.188150147193096091e-04,1.247269427772944167e-01,9.919616705541597357e-01,-1.706823401780913768e-02,1.280270613361163615e-02
4.295173603764391675e-04,9.372621897536291633e-04,3.277777235247931542e-04,4.932880596785617078e-01,-6.941886997063462239e-01,-5.458384395337249201e-02,5.213343872773460452e-01
5.699097273439812487e-05,2.947610934507848088e-04,7.696057373128146724e-04,1.060633964607701346e-01,-2.778734414569548061e-01,-8.712301927329534346e-01,3.905058997436207657e-01
5.584228309873396365e-04,7.933466743161813467e-04,2.939502107765698253e-04,2.965183731594326910e-01,4.209494181657261747e-01,8.548096837828806915e-01,6.464399613136273537e-02
5.357176111633837976e-04,2.886198590852893388e-04,4.057416478283550781e-04,8.261731356245774482e-02,-3.525882539128561421e-01,7.968240221309695892e-01,-4.836603978593139730e-01
3.865880144919766758e-04,1.926617597210370609e-04,2.764046110518616757e-04,3.279660019358992540e-01,-4.084977584561326203e-01,8.321000802938365304e-01,1.821464775544332781e-01
9.797653781042352673e-04,3.529997568891737316e-04,3.330492405463589029e-04,3.525904407779394401e-01,7.817541262573002303e-01,-3.230684597950230219e-01,4.002089921995446442e-01
8.856857460488063794e-04,5.506003916562872023e-04,3.285775524362260862e-04,5.639421370416337620e-01,-6.853549551886680691e-01,4.466871993688067977e-01,-1.128201993762905503e-01
9.419476141686242143e-04,1.017092289672030244e-04,2.412938530315020789e-04,2.194680105622454080e-01,3.018925764977715143e-01,9.129211436197406382e-01,1.651352479860438704e-01
1.070491638292899757e-04,7.055511607855114050e-05,7.589727567730437637e-04,8.701087156792213229e-01,3.774113216386248970e-02,2.748348878209894153e-01,4.073723288080204341e-01
5.622399978147909387e-04,5.771144896158397785e-05,1.145899433417857459e-04,4.445985260897112323e-01,-6.921051748026443295e-01,-4.384873703993880795e-02,5.669213930257523959e-01
2.122986324501607773e-05,4.942520914379145287e-05,4.473790158084950570e-04,4.711799364697700776e-01,-8.087391459174341213e-01,3.433755877035114534e-01,-7.761228703208576662e-02
2.377225384387160429e-05,4.817643107036178132e-04,1.945887929108740450e-04,1.997110793887681146e-01,2.553024100006698882e-01,9.254523601780294539e-01,1.961481411029372679e-01
8.731324875446899378e-04,8.121396094283939507e-04,3.146932211999236163e-04,3.658222124459323821e-01,-3.785856625891901306e-01,8.250331985874658214e-01,2.053466001461973223e-01
3.511439486060853338e-04,7.869239049361319164e-04,4.817406170619252981e-04,5.976852460234739067e-02,-4.142804876362228828e-01,-7.298164444332299050e-01,5.405250766297434728e-01
3.424130954514932428e-04,9.282121177790473481e-04,4.234692782499111159e-04,8.072716872465367510e-01,-3.631815318543052951e-01,-4.409801972731400843e-01,-1.481487883954249463e-01
3.513964802431450776e-04,3.311998058829249657e-04,5.524810800237357506e-04,2.509683806821254026e-01,-1.673736425149910667e-01,3.427468113117767001e-01,-8.896772218196130622e-01
7.856406878982665539e-04,1.553815316771426421e-04,2.319141903666221927e-06,8.891570291365117340e-01,4.407049118944252886e-01,9.047355876886033210e-02,-8.362710884011681500e-02
6.418601062987802815e-04,9.831316490524866052e-04,1.693793055866390476e-04,1.160871029431299363e-02,-5.155427245186229301e-01,3.807538824082763451e-01,7.675333335251587341e-01
9.186980884994334949e-04,7.144188958465324570e-04,5.221009084705397407e-04,8.051795881687324741e-01,3.665368861041667370e-01,4.293645704888248149e-01,-1.816111437396900896e-01
2.269748901793009442e-04,7.243518299333684797e-04,4.678378957586559571e-05,7.393191828698242318e-01,-5.419096526766067345e-01,-7.688653285988926445e-02,3.922110850567588347e-01
6.756356751779250217e-04,5.689438468193910078e-04,3.804254998968795783e-04,4.231543914746199175e-01,3.916962092335780632e-01,-1.779664816253823112e-01,7.973972485942445454e-01
7.349562110575405191e-04,6.504292960138592606e-04,6.412679212403078321e-04,3.226314285351221112e-01,-4.505278247487962129e-01,-8.267653242935905089e-01,-9.691614413614800527e-02
2.740329001200438844e-04,8.752002673628966022e-04,8.790362909534540697e-04,3.780041897077434654e-01,3.120757057535097356e-01,-8.090546489725343182e-01,3.242717400850255172e-01
5.888790455096079611e-04,6.685071098251357900e-04,3.380891363424428915e-04,1.890315340883781947e-01,-2.945891445993989999e-01,9.187967471977891432e-01,-1.824742511784900045e-01
2.801540101955012508e-04,5.979970098948652691e-04,4.314091835674649421e-04,3.278682263091395321e-01,8.095768041970787809e-01,-2.949320396197361305e-01,3.874311761960905209e-01
5.029914695686612397e-04,4.493484618187254813e-04,4.552613309148878756e-04,4.268275424605125212e-01,2.142471123685113499e-01,8.058851693019419837e-01,-3.499507361587541610e-01
1.575594954909642718e-04,7.121576568379988596e-04,6.160686198366578008e-04,2.074238280563952264e-01,7.922479845042001978e-01,-4.353985307034370367e-01,3.738269734312275050e-01
2.223242020439022330e-04,4.110132669145922656e-04,1.443528565240480472e-04,3.626665352902166406e-01,4.030397835731776568e-01,-8.239451397437693725e-01,1.647614145681466080e-01
5.344212283677194676e-04,7.098887358645924496e-04,2.918471420288504584e-04,1.955582297976840023e-01,3.287040608429863675e-01,9.071798175636605066e-01,1.753151383905286465e-01
1.350709318240802647e-04,3.054489106502726852e-04,5.714532957707919511e-04,4.415718700880780223e-01,-3.024351898852404852e-01,1.457147932868000512e-02,-8.445915648739158454e-01
8.783089065583127742e-05,8.056313546741081287e-04,8.613384638092270128e-05,6.663015691755429515e-01,3.226448436406453291e-01,1.714604752863219117e-01,-6.500337138955958327e-01
5.436207345116199048e-04,6.475579576497935514e-04,1.348808393256542082e-04,3.651437971093799417e-01,-8.736663106224898945e-01,2.848382241501383194e-01,-1.491454698568698001e-01
3.650498177040995213e-04,2.785158542065191501e-05,8.078670967172493170e-04,7.966748781644938937e-01,3.446490622218900124e-01,4.947375100187598740e-01,-4.196377713693178607e-02
9.275758046182066251e-04,8.235142539665725068e-04,1.978245711986633825e-04,2.934169169972498589e-02,-5.408913095401498561e-01,-4.163825101152475172e-01,7.302063144497353830e-01
7.822141586128717947e-04,6.309820133255108175e-04,3.027845959123812961e-04,8.780695090180758999e-01,-3.815518190862877135e-01,1.138651032660003282e-01,-2.654183206617868329e-01
7.985463208013391821e-04,6.272576525573697820e-04,8.696207587283511279e-05,5.441706844324052383e-01,7.564451495807682502e-01,3.532956897691119647e-01,8.277171902687593952e-02
9.046453211834663615e-04,1.692403490334365380e-04,4.247518677108868255e-04,3.598046324948228625e-01,2.150597512914285969e-01,1.594347012074910086e-01,8.937955615579059598e-01
5.011434933331804144e-04,5.749944388224592770e-05,1.499295425433566566e-04,2.258202854659016601e-01,2.939823734580356285e-01,9.161782469037030863e-01,1.523055569194244341e-01
4.262048769627427812e-04,4.332068217485693091e-04,6.441791523132458239e-04,5.962059460961636193e-01,-6.176449898865347121e-01,-8.135102691643406048e-02,5.063942601642344998e-01
7.669930570650904935e-04,3.783176411131732139e-04,8.803409953322549749e-05,4.759969015320240082e-01,6.708276409682859542e-01,5.968065559455927593e-02,5.655576409108453717e-01
2.496601592708382901e-04,9.444439967768389083e-04,4.295548202746667273e-04,2.028738098287378444e-01,-4.210116710162073450e-01,-3.355416743188786577e-01,-8.179261427225550385e-01
5.814354602054103930e-04,7.891965739051071778e-04,6.123296255380930022e-04,4.339761394983074894e-01,-8.898670520448803689e-02,5.536708941108690052e-01,-7.051202859494727360e-01
3.000117128977119844e-04,8.573715012617144561e-05,5.443144843844363763e-04,2.957819165238350090e-01,1.816829365633441662e-01,2.514944817740755179e-01,9.034682584664477378e-01
4.262609855098223777e-04,7.050630834822658273e-05,4.331528615342561563e-05,8.940573489797810636e-01,3.507596918182567802e-01,-1.000907965892541412e-01,-2.600210140910459433e-01
4.554186723049746810e-04,1.980877562041173396e-04,8.695108369924397541e-04,9.238974671996109667e-01,2.198139663142947842e-01,-1.852213028005902928e-01,-2.525635747770721973e-01
8.512550966214178783e-04,7.929040615793674562e-04,9.860228968153700400e-04,3.993386445870854978e-02,-3.749175803991924294e-01,-7.615096762941956365e-01,5.272049955067934501e-01
9.774685897490521108e-04,3.917976245726293360e-04,6.009917654582684317e-04,4.489843306243086474e-01,-6.972119070252884576e-01,-5.177354431398754203e-02,5.564423848568417208e-01
9.805929717363825147e-04,3.679221069916096556e-04,6.089185344711855845e-04,9.178568314063173528e-01,-1.743076017905082764e-01,-2.109291179017627194e-01,2.875145287111259829e-01
5.644975200500037789e-04,6.318082342494089117e-04,4.760512203275256600e-04,2.702329068042566007e-01,-4.313170650834287634e-01,8.606717662536520486e-01,1.356009667215406223e-02
5.515163285911236536e-04,8.455109051890322917e-04,5.945749195975187423e-04,1.491925724306492063e-01,8.899489581954292960e-01,-3.588592636194289365e-01,-2.386471392095802502e-01
5.679383943672143770e-04,5.885877253491629026e-04,5.624266997104214244e-04,3.113106332685424138e-01,4.029538325099022988e-01,3.011423660464503937e-01,-8.062426271609969275e-01
6.446464852877122715e-04,1.835752708940404656e-04,3.050635195540950619e-04,1.091928851060133127e-01,8.868511686480079481e-01,3.727261933322682519e-01,2.502940337161955187e-01
1.498705483486349993e-04,7.728536488762992578e-04,3.715644612848736429e-04,8.754106232498044537e-01,6.547374294086387436e-02,2.646276220060585493e-01,3.991762159223934403e-01
6.162039295126854176e-04,5.137442085258283383e-04,1.650951098924237240e-04,3.634719727132001421e-01,3.924700905813832130e-01,-8.267915037159353497e-01,1.739860983934000127e-01
1.063050137684985546e-04,4.864251390079750176e-04,4.164724268097972281e-04,2.899309070972743152e-01,-1.579168933242598993e-01,-3.073828013615967358e-01,8.924786481141512295e-01
2.782335091297826217e-04,7.009657214719819916e-04,3.826120012167213329e-04,1.315788833126578516e-01,2.707764886809581606e-01,-8.650995564673789051e-01,-4.012104784819921499e-01
9.769927633487176643e-04,7.059230703584941065e-04,5.845724583057398889e-05,6.906197418577454394e-01,2.116803585377587671e-01,-2.340897525656907285e-01,6.507209737740136113e-01
1.703906164382448232e-04,9.483484134556382237e-04,7.871531791291290275e-04,3.395749193693367585e-01,-7.891948372144746982e-01,-1.121347565961289261e-01,-4.992856691438820049e-01
8.681645805597435536e-04,6.197602570394883425e-04,6.418754814453801749e-04,1.277365147424982250e-01,4.474569747654958407e-01,3.396857531715803402e-01,-8.173611366020567814e-01
1.877560180765849298e-04,8.796598652870922779e-04,1.906075240353999258e-04,8.014687495576644505e-01,-2.941797951921152898e-01,-4.045149650013910025e-01,-3.278318695202194211e-01
1.000858583814228140e-04,9.935036218878313431e-04,9.013638173002757117e-04,8.051535269263451200e-01,3.482994222609326895e-01,-4.084890366145029206e-01,2.520952548076286215e-01
8.616186539363342037e-04,6.353637083588966131e-04,6.515847706230887531e-04,4.458490848837024512e-01,-3.305517440987599254e-01,9.298915929319900853e-02,8.266239497108568424e-01
4.938190160060934196e-04,3.615981765873209678e-04,6.808384357644536985e-05,3.090492460259410823e-01,-4.615182327354454550e-01,8.150693253169348784e-01,1.647770594195237803e-01
8.264938342131906892e-04,5.139774754296500507e-06,2.165584020756555891e-04,3.539092381255795616e-01,-4.007848728907312252e-01,8.159478984296751891e-01,2.198835234380439041e-01
8.255788364541196073e-04,1.331722759728687486e-04,9.560139240413829302e-04,4.849987400778856261e-01,8.354075036335165128e-02,5.788721866121390169e-01,6.501570246628675109e-01
3.644023093301344222e-04,2.020589139017747824e-05,6.542822595906447238e-04,4.106728011953703072e-01,-6.057841506724027936e-02,5.245015619549779906e-01,-7.433547050319098126e-01
1.517018923840968104e-04,8.949949458554531815e-04,9.939045340739000034e-04,5.455968235293600088e-01,-6.295552322415927105e-01,-9.386893071617227746e-02,5.451357074693504723e-01
6.135411331598972522e-05,1.864765643648804664e-04,6.184917239113206294e-04,4.116416079555699215e-01,6.190821085491447079e-02,5.472197261067212049e-01,7.261329984157043338e-01
6.754505151970995741e-04,9.105846398170970709e-04,3.780606317288719544e-04,4.379994645441427914e-01,-1.666721725284781297e-01,-8.157717467365959152e-01,-3.389591615372042899e-01
6.080502340369091634e-04,4.042741435831714880e-04,7.878852613514658555e-04,4.304656239802678863e-01,-2.833048606039997308e-01,5.630824748563525994e-02,-8.551415577520036226e-01
8.903780877875543988e-04,4.456127580990992994e-04,8.270014640036190074e-04,1.470260886898661357e-01,2.578539224615001291e-01,9.045027962804659261e-01,3.062178561687678435e-01
3.413334299644873331e-04,4.615689450000665171e-04,7.066459902576415874e-05,6.815057843059376674e-01,-4.789487666550761302e-01,5.512624357062964053e-01,-4.762007828943314036e-02
1.599042545184578155e-04,7.366459385293631316e-04,6.016578783151427395e-06,4.731842881474797036e-01,-2.657584753016468126e-01,8.659685878124535191e-03,-8.398774149220820107e-01
8.244069627097734120e-04,7.434897722087927419e-04,8.727212838081786946e-04,4.195153507304301699e-01,1.919508817491324126e-01,8.310178366946905371e-01,-3.107588849776161677e-01
5.811857953351409669e-04,6.786175657571748981e-04,9.535261422748746120e-04,8.882313138021229182e-02,5.119170277394369251e-01,6.220114975773293198e-01,5.857927149801729350e-01
4.248293051008378786e-06,5.534809603857693169e-05,6.986027055564908265e-04,2.816689318889110116e-01,-4.175969456325564488e-01,3.029340652202625050e-01,8.090156710077038849e-01
9.865118874243157011e-04,7.867278746888562617e-04,6.876769189298396860e-04,6.464008449125707712e-01,5.573455421009174682e-01,5.118155158081103551e-01,9.786098392427430848e-02
7.716326128795768019e-04,3.213603383402804611e-04,9.271547280024384097e-04,7.846951025683347736e-02,-3.084017396593128901e-01,-8.406739843302106774e-01,4.381759406968058768e-01
4.542239079752450302e-04,4.761533153685060422e-04,9.557212291665118098e-04,3.283749894148886295e-01,-9.008649602746863216e-01,-2.492786663860821761e-01,1.359129727466656112e-01
1.965391400816126743e-04,9.661757712858757684e-04,4.373664902836427453e-04,2.628449977316871800e-01,-3.599153293665329212e-01,8.901279150123841966e-01,-9.510918867341516814e-02
9.302371738896265388e-05,2.544368463660125136e-04,9.144071669765595342e-04,5.243163159276695851e-01,3.378473710093113369e-02,-7.301587663274572426e-01,-4.368285342628416834e-01
4.106357480207907225e-04,2.377901342004284851e-05,4.153127055538556123e-04,1.131241462419920601e-01,-4.970013830474226957e-01,6.468977529552888406e-01,-5.672000088217272751e-01
9.989044744764625713e-04,5.859020483544829903e-05,1.666498823478305112e-04,5.831027232026585461e-01,-6.563294072898305798e-01,-4.696961333210809553e-01,9.278181752611318334e-02
9.767201416438599845e-04,2.662215391193513457e-04,7.374053558515870259e-04,8.886955609771181042e-01,-3.526532819004312147e-01,1.135948870599616384e-01,-2.700963981586108065e-01
6.336602767644581137e-04,5.945051096213835318e-04,5.414378785660290099e-05,2.054737420742183407e-01,-7.202242464753515483e-01,2.743989466501575158e-01,-6.031275107175212424e-01
7.985416616530443623e-04,2.917884483569444182e-04,5.928451603668520066e-04,8.995379272373237034e-02,-9.010251758043629211e-01,-3.397404969322398993e-01,2.542407175996155289e-01
6.255722616459014713e-04,4.977796448025956005e-04,4.332023655469992361e-04,9.057329546163638279e-01,-2.942527469036643750e-01,-1.593863720991264277e-01,2.601136679427640819e-01
3.199429662626638291e-04,1.033252951469453267e-04,9.398602206062497836e-04,5.271380233847380303e-01,7.411114213401840400e-01,-4.016848858008775780e-01,-1.073714020598580676e-01
4.264329811414026327e-04,1.321896408697730257e-04,7.059673822395954972e-04,1.014110172814468580e-01,-5.293923181856681204e-01,5.532919179453361647e-01,-6.350808078948046997e-01
5.822201163186756581e-04,6.560281073677093561e-04,2.831627353014962828e-04,2.411181560062785334e-01,1.222561952624118820e-01,3.679090810868195227e-01,8.896956589856684916e-01
4.777101119615124948e-04,8.800242907614320509e-04,3.262412426962860916e-04,5.863270911440006117e-01,-5.907652768241966612e-01,-1.491213876278527917e-01,5.338349385731405716e-01
6.566588390403380352e-04,6.940085204094605066e-04,1.941571929821439687e-04,8.645776022181711484e-02,4.709201933094100401e-01,3.568008890507758935e-01,-8.021548184754802024e-01
4.091414978381536951e-04,1.042409180918920660e-04,6.888455339908802636e-04,5.392362196161473165e-01,-1.083644422975305610e-01,-5.899740086177909237e-01,5.911109170494875942e-01
6.860552049072174722e-04,4.349254478367969032e-04,7.763182027673698601e-04,1.038101638189837389e-01,4.676589205429876328e-01,6.962912076615163093e-01,5.345064434201990400e-01
7.755121893070759942e-04,6.416716454791387969e-04,4.408794101999828998e-04,3.149509967083844453e-01,-2.212016695053045656e-01,1.913580667471498353e-01,-9.029162648724712303e-01
6.846295742318811960e-04,2.217229173672787825e-04,6.798695684114083740e-04,7.868931672431022095e-01,-3.307894839194226444e-01,5.150161043300784947e-01,7.833181317390079668e-02
1.718381948440399405e-04,7.848060817330975922e-04,2.615148051282336857e-04,1.491736151264839716e-01,2.978382455269497631e-01,-8.669627108295862028e-01,-3.706956569512777078e-01
4.375258320877410179e-04,1.387591837508353931e-04,3.234012910994953278e-04,8.169571312145348374e-01,1.325089955698322552e-01,-3.266404130807478712e-01,4.564301177543281796e-01
6.681532223800920947e-04,5.443076362880040070e-04,2.335335429687946968e-04,1.619869291458048144e-01,4.853701656621909888e-01,-3.252515527516036120e-01,7.952279324216674494e-01
9.853984146918248928e-04,7.103672241068469551e-04,3.086461994956726253e-04,8.041790103013554125e-01,3.376212227275124933e-01,4.063947848594124945e-01,-2.723073781479006250e-01
2.281898282546660579e-04,8.143125451393175632e-04,6.202629113226643641e-04,2.294438925647188376e-01,8.114221397171397232e-01,3.786340683015139708e-01,-3.815571433783577215e-01
5.518137014947718409e-04,8.056781101899351859e-04,1.240054548523741385e-04,8.130825365160220253e-01,1.365391199126461674e-01,-3.404448396078775807e-01,4.520521747879532870e-01
3.412106172059683486e-04,6.762301971546323502e-04,4.499764855683427932e-04,4.223827651825749485e-01,-2.737078561531610665e-01,3.337245750578012732e-02,-8.634599517272281144e-01
3.945513461260090771e-04,2.036549997754932948e-04,1.122125000454788897e-04,3.171812736338817107e-01,8.006478938449796967e-01,2.244760463098505188e-01,-4.560367248047952904e-01
6.141779268450608797e-06,6.983044472295439403e-04,5.479924781471291707e-04,9.985596431808995907e-03,8.474588503707444209e-01,4.304322491014863639e-01,3.105509035981590116e-01
8.572143767676613634e-04,9.548557199960648351e-04,2.025648364803640539e-04,2.387140720817350903e-01,-1.499916177219933755e-01,3.286068061008326491e-01,-9.014076066838493384e-01
2.829972924642310027e-04,6.163849617227499253e-04,4.864629167880853947e-04,8.021611542153488372e-01,3.033078875993223678e-01,4.205601980083703006e-01,-2.960927689746856162e-01
9.145321196951217797e-04,7.216539076789229873e-05,6.915995038889911775e-04,6.911179896886479046e-01,-5.563949740756469753e-01,-5.355453422068590097e-02,4.581620554088776665e-01
2.697190669216288530e-04,7.853608786496839647e-04,6.921494442020982574e-04,8.271977219005751669e-01,-1.955531973030476822e-01,-3.504987090176152065e-01,-3.932601313177311875e-01
7.749781698725043610e-04,9.067647835997272136e-04,7.329955040919515150e-04,1.926955639957174671e-01,2.564236222203800097e-01,-9.172917619975428094e-01,-2.359897645136236344e-01
8.570746554137129809e-04,4.674185967473877133e-04,6.784274232020616122e-04,4.415755132109435710e-01,-2.700786313373947922e-01,7.017131685588288634e-03,8.555812988198834290e-01
4.431468089360568815e-06,7.020158171084004252e-04,2.315626625865802100e-04,3.522640656186669661e-01,5.664521819269922043e-01,-6.334546287998316094e-01,3.921443444906795306e-01
2.698008092527341044e-04,8.383692900568240141e-05,9.197605589362183162e-04,8.115929066068666708e-01,3.508398841654823408e-01,-4.396632946710646861e-01,1.578750041746737609e-01
1.741364583920669269e-04,8.980229822543595573e-05,1.887519147854931469e-04,5.470616841144462228e-01,7.320130876058145164e-01,3.984203927514838317e-01,7.836800359471392252e-02
2.047664805637052822e-04,4.909221320485691008e-04,1.170736892705577260e-04,6.880377812802503101e-02,-2.852325095419422363e-01,8.743765308061467456e-01,-3.864895056675185514e-01
6.237123014540820820e-04,2.975375720376798191e-04,9.818301658048836540e-04,1.038320373843532735e-01,4.690759999185077911e-01,-3.602890510863889229e-01,7.996114143634617255e-01
3.513264389351621465e-04,9.704180142530193561e-04,9.877009710532575447e-04,4.359596611487853712e-01,7.174641170136984991e-01,-7.985588583035033161e-02,-5.374080871619257849e-01
3.692714247908221014e-04,9.035762233178132536e-04,1.537856695643882330e-04,9.025883066368863838e-01,1.510408173613398686e-01,-2.151136766423177860e-01,-3.409503282511992528e-01
1.199325330366665123e-04,1.942847203318238643e-04,4.284992575638643252e-04,2.242889291727330758e-01,4.324937792530082481e-01,3.266602903221462184e-01,-8.098991677268535527e-01
7.128928460303818641e-05,4.490473695234306248e-04,5.015693147192336332e-04,7.358092642532333416e-01,4.226940419488353085e-01,-5.290487905383396416e-01,-4.674480718934614920e-03
9.003430025861308087e-04,9.002685221031952794e-04,4.573602116853481498e-04,2.657818494201623083e-01,1.375795158302799137e-01,2.706498132610613006e-01,9.149757176693033012e-01
2.977126160483278749e-05,5.509591317915132035e-04,2.646441078899877111e-04,3.159261342024439201e-01,4.596212207579701836e-01,8.087725215142619328e-01,-1.866173078798303298e-01
5.576563616257298106e-04,6.361077465171895498e-04,7.076409365192126244e-05,2.932259806149356551e-01,2.297914171474704226e-01,-1.879556116934295029e-01,-9.087833168201953082e-01
3.560708918397128631e-04,4.411153469965038037e-04,2.130598025874728073e-04,9.428902053175215736e-02,-3.965548834656262844e-01,-7.282899969974894194e-01,5.508606768322849012e-01
8.429015527970202485e-04,8.888149358454955308e-05,6.538072777451009085e-05,3.538531136558711876e-01,-3.948638017406934098e-01,3.003988446133890600e-01,7.928625897252766785e-01
6.736914012068539786e-05,4.119905621008756015e-04,9.065660863524004163e-04,8.810236849693708905e-01,-1.117049313700128610e-01,2.635933348563452294e-01,-3.766136331174455565e-01
8.961496159532708660e-04,8.280739452365676453e-04,4.065784755589783145e-04,8.314929945714177872e-01,1.949343800988347086e-01,-3.303427034560330600e-01,4.018627697454674741e-01
9.449331969174425442e-04,3.007911529450001576e-04,7.624242890868350268e-04,3.620874295631789641e-01,-2.622027061794704461e-01,1.109359234697517571e-01,-8.876010675457784993e-01
7.835753512370082332e-04,6.843955011548749461e-04,5.328833654517865087e-04,4.492671035368331900e-01,-7.084650873476354693e-01,-1.208384606613392351e-02,5.441417741300346167e-01
7.585310998029946503e-04,1.813452625221345573e-04,4.635225120595302061e-04,3.558029740088670123e-01,3.730022779497141339e-01,3.129516060517933962e-01,-7.977059838062974251e-01
6.437505795099966385e-04,8.894570869516908208e-04,2.191938313858376021e-04,1.411508083554788850e-01,-8.251143027304422839e-01,4.517118293906133841e-01,3.085761817101836946e-01
4.912189741240359639e-04,2.057733921760750585e-04,4.516615567489200896e-04,9.864581024501008211e-02,-4.721993960282659941e-01,-6.651585126571172291e-01,5.699656898019545004e-01
6.057070317238683575e-04,1.044009423946373733e-04,4.360057362934012461e-04,6.170579385023992891e-02,-8.732772034944256134e-01,-3.912767536683980918e-01,2.836931844457794560e-01
6.933555024882585675e-04,2.037548491331360120e-04,4.238113238420291597e-04,2.870951360460948787e-01,7.019070888233616134e-01,-6.153881919148039836e-01,2.149423056776307850e-01
8.137799830208087854e-04,5.237408044404747061e-04,7.864813022844952125e-05,3.349714930054537021e-01,4.130101639414995307e-01,2.733563354269924472e-01,-8.015566213541240881e-01
